Chain, Residue, ResID,  Î”G_of_ALA_mutation, ALA_Electrostatics, Non-ALA_Electrostatics, ALA_VdW, Non-ALA_Vdw, ALA_AB Solvation, Non-ALA_AB Solvation , ALA_Chain_Solvation, Non-ALA_Chain_Solvation, Residue_Identifier
E, PHE, 490, -14.290642065628147,   0.127557,   0.143186,  -0.438249,  -0.571702,   0.071725,   7.275958,   0.071725,   7.275958, <Residue PHE het=  resseq=490 icode= >
A, PHE, 40, -13.950150127347612,   0.006244,   0.003053,  -0.126706,  -0.201102,   0.000209,   7.014077,   0.000209,   7.014077, <Residue PHE het=  resseq=40 icode= >
E, TYR, 449, -11.229097268216996,  -0.050953,   0.818172,  -0.149854,  -0.788425,  -0.171422,   5.327850,  -0.171422,   5.327850, <Residue TYR het=  resseq=449 icode= >
E, TYR, 453, -6.010665970015246,  -0.026278,   0.034926,  -0.120213,   4.887734,   0.000000,   0.470757,   0.000000,   0.470757, <Residue TYR het=  resseq=453 icode= >
A, PHE, 390, -6.006938886805351,   0.001820,  -0.001859,  -0.087519,  -0.184787,  -0.324625,   2.729318,  -0.324625,   2.729318, <Residue PHE het=  resseq=390 icode= >
E, VAL, 445, -3.7736334582931352,  -0.622038,  -0.053178,  -0.350741,  -0.693951,  -0.635547,   1.138445,  -0.635547,   1.138445, <Residue VAL het=  resseq=445 icode= >
E, PHE, 486, -3.173314339644346,  -0.038136,   0.024602,  -1.480352,  -7.117907,  -0.978365,   3.395701,  -0.978365,   3.395701, <Residue PHE het=  resseq=486 icode= >
E, VAL, 503, -2.9129358317976957,  -0.632328,  -0.066571,  -0.657017,  -1.045040,  -0.390842,   0.976759,  -0.390842,   0.976759, <Residue VAL het=  resseq=503 icode= >
E, THR, 478, -2.1213596268373784,  -0.822348,   0.032530,  -0.119086,  -0.189815,   0.251057,   0.919662,   0.251057,   0.919662, <Residue THR het=  resseq=478 icode= >
A, PHE, 356, -1.9178106865119373,  -0.007486,  -0.020436,  -0.237191,  -0.535533,  -0.069589,   1.044962,  -0.069589,   1.044962, <Residue PHE het=  resseq=356 icode= >
A, LEU, 39, -1.5702577658085184,  -0.037395,  -0.000504,  -0.213919,  -0.341341,  -0.015624,   0.814771,  -0.015624,   0.814771, <Residue LEU het=  resseq=39 icode= >
A, THR, 20, -1.5646214682643182,   0.074125,  -0.039047,  -0.254282,  -0.294426,   0.455137,   1.314106,   0.455137,   1.314106, <Residue THR het=  resseq=20 icode= >
A, ILE, 21, -1.5468580250067956,   0.000345,  -0.016325,  -0.205823,  -0.411916,  -0.464175,   0.420636,  -0.464175,   0.420636, <Residue ILE het=  resseq=21 icode= >
A, MET, 82, -1.5096483705370924,   0.015375,   0.009605,  -0.236030,  -1.712731,  -0.146402,   1.349658,  -0.146402,   1.349658, <Residue MET het=  resseq=82 icode= >
E, GLU, 406, -1.3515644144274188,   0.263459,   3.158312,  -0.062550,  -0.186010,   0.000000,  -0.709914,   0.000000,  -0.709914, <Residue GLU het=  resseq=406 icode= >
A, PRO, 389, -1.0658005998910636,  -0.072394,  -0.003189,  -0.083651,  -0.111687,   0.386194,   0.898510,   0.386194,   0.898510, <Residue PRO het=  resseq=389 icode= >
E, TYR, 495, -0.9958894806702084,  -0.212039,  -0.196018,  -0.529965,  -0.800623,   0.077292,   0.702555,   0.077292,   0.702555, <Residue TYR het=  resseq=495 icode= >
E, SER, 443, -0.6952786059729665,  -0.796199,  -0.075214,  -0.109561,  -0.135267,  -0.389758,  -0.389758,  -0.389758,  -0.389758, <Residue SER het=  resseq=443 icode= >
A, PRO, 84, -0.6741498370064394,  -0.042514,  -0.002823,  -0.043646,  -0.083459,   0.631115,   0.968251,   0.631115,   0.968251, <Residue PRO het=  resseq=84 icode= >
E, SER, 494, -0.632605097398972,  -0.628940,   0.060320,  -0.563403,  -0.620057,  -0.727048,  -0.727048,  -0.727048,  -0.727048, <Residue SER het=  resseq=494 icode= >
E, CYX, 488, -0.5179313082532375,  -0.300980,   0.003013,  -0.392090,  -0.442052,  -0.011380,   0.120570,  -0.011380,   0.120570, <Residue CYX het=  resseq=488 icode= >
A, THR, 324, -0.5068233427573352,   0.081962,  -0.048839,  -0.289311,  -0.523680,   0.298630,   0.734627,   0.298630,   0.734627, <Residue THR het=  resseq=324 icode= >
A, MET, 383, -0.46853336234123627,   0.007824,  -0.006880,  -0.064737,  -0.130750,  -0.301875,  -0.027250,  -0.301875,  -0.027250, <Residue MET het=  resseq=383 icode= >
A, LEU, 79, -0.3074086770259328,   0.019698,   0.028589,  -0.824890,  -1.840071,   0.000000,   0.656849,   0.000000,   0.656849, <Residue LEU het=  resseq=79 icode= >
E, PHE, 497, -0.20087587778232052,  -0.042361,  -0.016365,  -0.531599,  -0.791174,   0.000000,   0.217227,   0.000000,   0.217227, <Residue PHE het=  resseq=497 icode= >
E, ILE, 418, -0.1242500054859755,  -0.210461,  -0.035777,  -0.045113,  -0.095546,   0.000000,   0.000000,   0.000000,   0.000000, <Residue ILE het=  resseq=418 icode= >
E, THR, 500, -0.08623517188052143,  -1.140434,  -0.201979,  -5.635449,  -7.529277,   0.009425,   0.530229,   0.009425,   0.530229, <Residue THR het=  resseq=500 icode= >
A, LEU, 29, -0.015149409017728599,  -0.038826,  -0.005528,  -0.391929,  -0.473005,   0.090326,   0.121790,   0.090326,   0.121790, <Residue LEU het=  resseq=29 icode= >
A, ALA, 386, 0.0,   0.037697,   0.037697,  -0.291192,  -0.291192,   0.429771,   0.429771,   0.429771,   0.429771, <Residue ALA het=  resseq=386 icode= >
E, GLY, 476, 0.0,   0.038288,   0.038288,  -1.576956,  -1.576956,  -0.185022,  -0.185022,  -0.185022,  -0.185022, <Residue GLY het=  resseq=476 icode= >
E, ALA, 475, 0.0,   0.082600,   0.082600,  -2.870938,  -2.870938,  -0.191322,  -0.191322,  -0.191322,  -0.191322, <Residue ALA het=  resseq=475 icode= >
E, GLY, 447, 0.0,  -0.025701,  -0.025701,  -0.580376,  -0.580376,  -0.213404,  -0.213404,  -0.213404,  -0.213404, <Residue GLY het=  resseq=447 icode= >
E, GLY, 496, 0.0,   0.367895,   0.367895,  -2.107838,  -2.107838,  -0.662811,  -0.662811,  -0.662811,  -0.662811, <Residue GLY het=  resseq=496 icode= >
E, GLY, 446, 0.0,   0.091361,   0.091361,  -1.457774,  -1.457774,   0.288021,   0.288021,   0.288021,   0.288021, <Residue GLY het=  resseq=446 icode= >
A, ALA, 36, 0.0,  -0.004489,  -0.004489,  -0.178146,  -0.178146,   0.000000,   0.000000,   0.000000,   0.000000, <Residue ALA het=  resseq=36 icode= >
A, GLY, 352, 0.0,  -0.011922,  -0.011922,  -0.730967,  -0.730967,   0.164764,   0.164764,   0.164764,   0.164764, <Residue GLY het=  resseq=352 icode= >
A, ALA, 46, 0.0,   0.002080,   0.002080,  -0.086709,  -0.086709,   0.110309,   0.110309,   0.110309,   0.110309, <Residue ALA het=  resseq=46 icode= >
E, GLY, 502, 0.0,   0.199447,   0.199447,  -2.213444,  -2.213444,   0.233244,   0.233244,   0.233244,   0.233244, <Residue GLY het=  resseq=502 icode= >
A, ALA, 80, 0.0,   0.006130,   0.006130,  -0.201571,  -0.201571,   0.000000,   0.000000,   0.000000,   0.000000, <Residue ALA het=  resseq=80 icode= >
E, GLY, 504, 0.0,  -0.045096,  -0.045096,  -0.444345,  -0.444345,  -0.900985,  -0.900985,  -0.900985,  -0.900985, <Residue GLY het=  resseq=504 icode= >
A, GLY, 354, 0.0,   0.022329,   0.022329,  -3.582105,  -3.582105,  -0.347121,  -0.347121,  -0.347121,  -0.347121, <Residue GLY het=  resseq=354 icode= >
A, GLY, 326, 0.0,   0.000595,   0.000595,  -0.571953,  -0.571953,  -0.391242,  -0.391242,  -0.391242,  -0.391242, <Residue GLY het=  resseq=326 icode= >
E, GLY, 485, 0.0,   0.054639,   0.054639,  -0.424103,  -0.424103,   0.533843,   0.533843,   0.533843,   0.533843, <Residue GLY het=  resseq=485 icode= >
A, ALA, 387, 0.0,   0.006395,   0.006395,  -0.221205,  -0.221205,   0.459208,   0.459208,   0.459208,   0.459208, <Residue ALA het=  resseq=387 icode= >
A, ALA, 25, 0.0,  -0.010877,  -0.010877,  -0.410094,  -0.410094,   0.000000,   0.000000,   0.000000,   0.000000, <Residue ALA het=  resseq=25 icode= >
A, LEU, 97, 0.03065169359513397,  -0.029560,   0.001279,  -0.029449,  -0.090939,   0.000000,   0.000000,   0.000000,   0.000000, <Residue LEU het=  resseq=97 icode= >
A, PHE, 327, 0.0459009402079919,  -0.002012,  -0.006642,  -0.147239,  -0.188510,   0.007071,   0.007071,   0.007071,   0.007071, <Residue PHE het=  resseq=327 icode= >
A, PHE, 32, 0.09722099187396482,  -0.007547,  -0.011266,  -0.390478,  -0.499520,   0.003686,   0.011456,   0.003686,   0.011456, <Residue PHE het=  resseq=32 icode= >
A, SER, 331, 0.113354380437385,   0.096636,  -0.008227,  -0.053057,  -0.061548,  -0.565290,  -0.565290,  -0.565290,  -0.565290, <Residue SER het=  resseq=331 icode= >
A, LEU, 351, 0.200814479323559,  -0.053837,  -0.002182,  -0.262756,  -0.515226,   0.002774,   0.002774,   0.002774,   0.002774, <Residue LEU het=  resseq=351 icode= >
E, LEU, 492, 0.2174479411112746,   0.298909,   0.041091,  -0.208627,  -0.245549,  -0.134044,  -0.095398,  -0.134044,  -0.095398, <Residue LEU het=  resseq=492 icode= >
A, THR, 78, 0.25343610765508795,   0.078955,  -0.002861,  -0.099790,  -0.129592,  -0.037422,  -0.108331,  -0.037422,  -0.108331, <Residue THR het=  resseq=78 icode= >
E, PRO, 499, 0.26683363356316275,   0.516207,  -0.031311,  -0.634996,  -0.856863,   0.163862,   0.415137,   0.163862,   0.415137, <Residue PRO het=  resseq=499 icode= >
A, SER, 44, 0.2747385293059837,   0.116663,   0.010769,  -0.099742,  -0.114216,   0.093747,   0.016562,   0.093747,   0.016562, <Residue SER het=  resseq=44 icode= >
A, PHE, 28, 0.3791411753105136,   0.005590,  -0.034915,  -2.246833,  -3.558939,   0.000000,   0.486735,   0.000000,   0.486735, <Residue PHE het=  resseq=28 icode= >
E, PRO, 491, 0.47209360610702555,   0.459163,   0.019315,  -0.190768,  -0.232286,   0.056620,   0.061256,   0.056620,   0.061256, <Residue PRO het=  resseq=491 icode= >
E, PRO, 507, 0.5644183743278633,   0.524305,   0.014386,  -0.079644,  -0.134144,   0.000000,   0.000000,   0.000000,   0.000000, <Residue PRO het=  resseq=507 icode= >
A, LEU, 45, 0.8766933215158712,  -0.044541,  -0.024262,  -0.333413,  -2.016377,   0.034580,   0.427576,   0.034580,   0.427576, <Residue LEU het=  resseq=45 icode= >
A, GLN, 101, 1.0818840252476252,   0.003062,   0.001524,  -0.016198,  -0.041498,   0.119340,  -0.408183,   0.119340,  -0.408183, <Residue GLN het=  resseq=101 icode= >
A, SER, 43, 1.2516584815854834,   0.104959,   0.003199,  -0.085691,  -0.091791,   0.033656,  -0.538244,   0.033656,  -0.538244, <Residue SER het=  resseq=43 icode= >
A, HIE, 34, 1.3710706147218499,  -0.008566,  -0.095975,  -1.992597,   0.056081,  -0.084021,  -1.750191,  -0.084021,  -1.750191, <Residue HIE het=  resseq=34 icode= >
A, GLN, 81, 1.6167529576125836,  -0.004871,   0.001547,  -0.108584,  -0.127211,  -0.438007,  -1.240279,  -0.438007,  -1.240279, <Residue GLN het=  resseq=81 icode= >
E, SER, 477, 1.6753074710325653,  -0.602809,   0.000271,  -0.463116,  -0.528292,  -0.030668,  -1.137273,  -0.030668,  -1.137273, <Residue SER het=  resseq=477 icode= >
E, PHE, 456, 1.7098081579231752,  -0.024479,   0.023441,  -0.412949,  -3.844113,  -0.005136,   0.831582,  -0.005136,   0.831582, <Residue PHE het=  resseq=456 icode= >
E, ASN, 487, 1.79137989034431,   0.053125,   0.187329,  -1.520665,  -2.225592,  -0.134747,  -0.745075,  -0.134747,  -0.745075, <Residue ASN het=  resseq=487 icode= >
E, ASP, 405, 1.934624198897548,   0.616754,   3.485384,  -0.149030,  -0.354629,   0.032380,  -2.266448,   0.032380,  -2.266448, <Residue ASP het=  resseq=405 icode= >
E, TYR, 473, 1.9444584882734388,  -0.017211,   0.037145,  -0.213969,  -1.214273,   0.036081,  -0.463174,   0.036081,  -0.463174, <Residue TYR het=  resseq=473 icode= >
A, ARG, 357, 2.0342861546377065,   0.010220,   0.364280,  -0.071229,  -1.492651,   0.000000,  -0.483462,   0.000000,  -0.483462, <Residue ARG het=  resseq=357 icode= >
A, ARG, 393, 2.182399286467451,   0.012146,   0.440111,  -0.030649,  -0.705721,  -0.337356,  -1.305002,  -0.337356,  -1.305002, <Residue ARG het=  resseq=393 icode= >
E, TYR, 421, 2.1867232134065335,  -0.060726,  -0.008716,  -0.042902,  -0.265412,  -0.039184,  -1.047295,  -0.039184,  -1.047295, <Residue TYR het=  resseq=421 icode= >
A, ASP, 355, 2.56709342012342,  -0.044627,  -0.655640,  -2.401293,  -4.281611,   0.055854,   0.017973,   0.055854,   0.017973, <Residue ASP het=  resseq=355 icode= >
A, GLN, 388, 2.5856409914538725,   0.007283,   0.006785,  -0.090523,  -0.113663,  -0.051630,  -1.332632,  -0.051630,  -1.332632, <Residue GLN het=  resseq=388 icode= >
A, GLN, 42, 2.612037567311024,  -0.010071,   0.362047,  -0.504206,  -2.134939,   0.168529,  -0.508182,   0.168529,  -0.508182, <Residue GLN het=  resseq=42 icode= >
E, GLU, 484, 2.675677798533485,   0.225508,   3.514359,  -0.183818,  -0.744342,  -0.915462,  -3.617464,  -0.915462,  -3.617464, <Residue GLU het=  resseq=484 icode= >
A, TRP, 48, 2.6770289325389527,   0.018990,  -0.000022,  -0.056200,  -0.186905,   0.000000,  -1.263656,   0.000000,  -1.263656, <Residue TRP het=  resseq=48 icode= >
A, ASP, 38, 2.923567636862783,  -0.067346,   0.225469,  -1.061398,  -2.642960,   0.244549,  -0.572861,   0.244549,  -0.572861, <Residue ASP het=  resseq=38 icode= >
E, ASN, 448, 3.016933834003166,   0.158119,   0.018149,  -0.188553,  -0.219157,   0.007486,  -1.415694,   0.007486,  -1.415694, <Residue ASN het=  resseq=448 icode= >
E, GLN, 493, 3.2050938233275494,   0.010175,   0.387084,  -0.804406,  -3.557245,   0.011628,  -0.402954,   0.011628,  -0.402954, <Residue GLN het=  resseq=493 icode= >
E, ARG, 454, 3.2316565818766105,  -0.076745,  -2.590430,  -0.125804,  -0.179881,   0.000000,  -0.331947,   0.000000,  -0.331947, <Residue ARG het=  resseq=454 icode= >
A, SER, 19, 3.2663354054245937,  -0.074423,   0.259905,  -0.830922,  -0.912379,  -2.050706,  -3.810309,  -2.050706,  -3.810309, <Residue SER het=  resseq=19 icode= >
A, ASN, 330, 3.4465173337424964,  -0.011872,   0.085514,  -0.421344,  -2.163759,  -0.053318,  -0.954062,  -0.053318,  -0.954062, <Residue ASN het=  resseq=330 icode= >
E, LYS, 417, 3.4488490186833456,  -0.147596,  -1.311491,  -0.185377,  -1.750049,  -0.247231,  -0.607372,  -0.247231,  -0.607372, <Residue LYS het=  resseq=417 icode= >
E, ASN, 501, 3.744756209708809,   0.294848,   0.030695,  -4.657270,  -8.022305,  -0.127596,  -0.185380,  -0.127596,  -0.185380, <Residue ASN het=  resseq=501 icode= >
A, GLN, 24, 3.7705471256001903,  -0.053184,   0.395151,  -2.288788,  -3.112696,   0.005434,  -1.692053,   0.005434,  -1.692053, <Residue GLN het=  resseq=24 icode= >
A, LYS, 31, 4.004176893831584,   0.036609,   0.873159,  -3.115153,  -7.540921,   0.000000,  -0.207479,   0.000000,  -0.207479, <Residue LYS het=  resseq=31 icode= >
A, ASP, 30, 4.084711398631702,  -0.038317,   1.407245,  -0.642909,  -2.860572,  -0.019377,  -1.675682,  -0.019377,  -1.675682, <Residue ASP het=  resseq=30 icode= >
E, GLN, 498, 4.107950022903374,  -0.021637,   0.494704,  -1.667749,  -6.314042,   0.008873,   0.019874,   0.008873,   0.019874, <Residue GLN het=  resseq=498 icode= >
A, GLU, 329, 4.113172009200602,  -0.036834,  -0.454800,  -0.198924,  -0.467110,  -0.708837,  -2.422347,  -0.708837,  -2.422347, <Residue GLU het=  resseq=329 icode= >
A, GLU, 37, 4.268019357942439,  -0.073179,  -0.540833,  -0.500913,  -2.479915,   0.081460,  -0.829221,   0.081460,  -0.829221, <Residue GLU het=  resseq=37 icode= >
E, TYR, 505, 4.294292633906354,  -0.004216,  -0.018852,  -1.995430,  -9.555176,  -0.033881,   1.606164,  -0.033881,   1.606164, <Residue TYR het=  resseq=505 icode= >
A, TYR, 83, 4.450571550346023,   0.004410,  -0.243352,  -0.317088,  -4.514915,   0.000000,  -0.002491,   0.000000,  -0.002491, <Residue TYR het=  resseq=83 icode= >
A, THR, 27, 4.48334253159849,   0.183654,   0.089743,  -3.475678,  -6.329319,   0.050331,  -0.717564,   0.050331,  -0.717564, <Residue THR het=  resseq=27 icode= >
A, GLN, 76, 4.544674853370627,   0.009057,   0.023749,  -0.092537,  -0.284449,   0.000000,  -2.183728,   0.000000,  -2.183728, <Residue GLN het=  resseq=76 icode= >
E, TYR, 489, 4.571911411895956,  -0.168846,  -0.270660,  -0.987723,  -8.734473,   0.000912,   1.639238,   0.000912,   1.639238, <Residue TYR het=  resseq=489 icode= >
A, ASN, 33, 4.614842612811291,  -0.031555,  -0.047841,  -0.359139,  -0.465915,   0.223229,  -2.022661,   0.223229,  -2.022661, <Residue ASN het=  resseq=33 icode= >
E, GLN, 506, 4.742554949560837,   0.002956,  -0.036853,  -0.277753,  -0.709381,   0.000000,  -2.135559,   0.000000,  -2.135559, <Residue GLN het=  resseq=506 icode= >
A, LYS, 353, 4.806785891488107,   0.475238,   1.598857,  -5.225065, -10.843533,  -0.226300,  -0.382268,  -0.226300,  -0.382268, <Residue LYS het=  resseq=353 icode= >
E, ASN, 439, 5.068397290385889,   0.136263,   0.060291,  -0.090040,  -0.228856,   0.031824,  -2.394980,   0.031824,  -2.394980, <Residue ASN het=  resseq=439 icode= >
A, GLU, 35, 5.132809038714072,  -0.038974,   0.092680,  -0.616092,  -1.940622,   0.007664,  -1.962302,   0.007664,  -1.962302, <Residue GLU het=  resseq=35 icode= >
E, LEU, 455, 5.215783016249977,   0.138516,  -0.092863,  -0.833945,  -5.818349,   0.000000,   0.000000,   0.000000,   0.000000, <Residue LEU het=  resseq=455 icode= >
E, GLN, 409, 5.270674320114701,  -0.024724,  -0.079096,  -0.021865,  -0.068501,  -0.057485,  -2.642318,  -0.057485,  -2.642318, <Residue GLN het=  resseq=409 icode= >
E, ARG, 457, 5.682770471829491,  -0.056276,  -2.416912,  -0.110982,  -0.139109,  -0.181586,  -1.828590,  -0.181586,  -1.828590, <Residue ARG het=  resseq=457 icode= >
A, GLU, 23, 5.767739761432787,  -0.041191,  -0.403998,  -0.433619,  -0.561773,   0.187841,  -2.450549,   0.187841,  -2.450549, <Residue GLU het=  resseq=23 icode= >
A, GLU, 75, 6.134310034008118,  -0.012932,  -0.210653,  -0.069202,  -0.194963,   0.207409,  -2.698005,   0.207409,  -2.698005, <Residue GLU het=  resseq=75 icode= >
A, TYR, 41, 6.298972221684497,   0.018907,  -0.215072,  -0.636935,  -6.701928,   0.000000,   0.000000,   0.000000,   0.000000, <Residue TYR het=  resseq=41 icode= >
E, GLN, 474, 7.706700109701014,   0.006440,  -0.034788,  -0.246649,  -0.335612,  -0.281411,  -4.069666,  -0.281411,  -4.069666, <Residue GLN het=  resseq=474 icode= >
A, LYS, 26, 7.7368965117460595,   0.053829,   0.394789,  -0.407294,  -0.504687,   0.160973,  -3.829259,   0.160973,  -3.829259, <Residue LYS het=  resseq=26 icode= >
A, ASN, 49, 8.37590489518065,  -0.013734,  -0.009101,  -0.049069,  -0.161079,   0.231097,  -3.903167,   0.231097,  -3.903167, <Residue ASN het=  resseq=49 icode= >
E, ARG, 403, 9.880749029462788,  -0.144172,  -3.606225,  -0.123340,  -1.046106,   0.000000,  -2.747965,   0.000000,  -2.747965, <Residue ARG het=  resseq=403 icode= >
A, GLN, 325, 11.602180312949425,  -0.019494,  -0.004629,  -0.371369,  -0.703425,  -0.628443,  -6.270938,  -0.628443,  -6.270938, <Residue GLN het=  resseq=325 icode= >
E, ARG, 408, 12.758254628820781,  -0.115740,  -3.153514,  -0.025124,  -0.116774,   0.282546,  -4.531869,   0.282546,  -4.531869, <Residue ARG het=  resseq=408 icode= >
E, LYS, 444, 13.466614066858195,  -0.104120,  -2.948707,  -0.172840,  -0.243461,   0.501923,  -4.773780,   0.501923,  -4.773780, <Residue LYS het=  resseq=444 icode= >
